{"topic":"0","word_overlap_similarity":0.5514170592,"tfidf_similarity":0.5514170592,"semantic_similarity":0.9042419791,"semantic_vs_word":0.3528249199,"tfidf_vs_word":0.0}
{"topic":"1","word_overlap_similarity":0.6066648805,"tfidf_similarity":0.6066648805,"semantic_similarity":0.967989862,"semantic_vs_word":0.3613249815,"tfidf_vs_word":0.0}
{"topic":"2","word_overlap_similarity":0.3396572394,"tfidf_similarity":0.3396572394,"semantic_similarity":0.7957193255,"semantic_vs_word":0.4560620862,"tfidf_vs_word":0.0}
{"topic":"3","word_overlap_similarity":0.3901643416,"tfidf_similarity":0.3901643416,"semantic_similarity":0.9111280441,"semantic_vs_word":0.5209637025,"tfidf_vs_word":0.0}
{"topic":"4","word_overlap_similarity":0.4287515269,"tfidf_similarity":0.4455137423,"semantic_similarity":0.8177630305,"semantic_vs_word":0.3890115036,"tfidf_vs_word":0.0167622153}
{"topic":"5","word_overlap_similarity":0.2635708464,"tfidf_similarity":0.2635708464,"semantic_similarity":0.8613110185,"semantic_vs_word":0.5977401721,"tfidf_vs_word":0.0}
{"topic":"6","word_overlap_similarity":0.4116633424,"tfidf_similarity":0.4116633424,"semantic_similarity":0.87305516,"semantic_vs_word":0.4613918177,"tfidf_vs_word":0.0}
{"topic":"7","word_overlap_similarity":0.6618619673,"tfidf_similarity":0.6618619673,"semantic_similarity":0.9392652512,"semantic_vs_word":0.2774032839,"tfidf_vs_word":0.0}
{"topic":"8","word_overlap_similarity":0.3130122796,"tfidf_similarity":0.3130122796,"semantic_similarity":0.9269070625,"semantic_vs_word":0.6138947829,"tfidf_vs_word":0.0}
{"topic":"9","word_overlap_similarity":0.4265616215,"tfidf_similarity":0.4403169994,"semantic_similarity":0.9098219275,"semantic_vs_word":0.4832603061,"tfidf_vs_word":0.013755378}
{"topic":"10","word_overlap_similarity":0.3428843022,"tfidf_similarity":0.3428843022,"semantic_similarity":0.8606812954,"semantic_vs_word":0.5177969932,"tfidf_vs_word":0.0}
{"topic":"11","word_overlap_similarity":0.2221395887,"tfidf_similarity":0.2221395887,"semantic_similarity":0.7085156441,"semantic_vs_word":0.4863760554,"tfidf_vs_word":0.0}
{"topic":"12","word_overlap_similarity":0.5508866246,"tfidf_similarity":0.5508866246,"semantic_similarity":0.8906881213,"semantic_vs_word":0.3398014967,"tfidf_vs_word":0.0}
{"topic":"13","word_overlap_similarity":0.2551981437,"tfidf_similarity":0.2551981437,"semantic_similarity":0.777882278,"semantic_vs_word":0.5226841343,"tfidf_vs_word":0.0}
{"topic":"14","word_overlap_similarity":0.7992617511,"tfidf_similarity":0.7992617511,"semantic_similarity":0.9786493182,"semantic_vs_word":0.1793875671,"tfidf_vs_word":0.0}
{"topic":"15","word_overlap_similarity":0.1925786791,"tfidf_similarity":0.1925786791,"semantic_similarity":0.619964838,"semantic_vs_word":0.4273861589,"tfidf_vs_word":0.0}
{"topic":"16","word_overlap_similarity":0.4700137112,"tfidf_similarity":0.4700137112,"semantic_similarity":0.9443197846,"semantic_vs_word":0.4743060734,"tfidf_vs_word":0.0}
{"topic":"17","word_overlap_similarity":0.3783434528,"tfidf_similarity":0.3783434528,"semantic_similarity":0.839404583,"semantic_vs_word":0.4610611302,"tfidf_vs_word":0.0}
{"topic":"18","word_overlap_similarity":0.2036443921,"tfidf_similarity":0.2036443921,"semantic_similarity":0.7052374482,"semantic_vs_word":0.5015930561,"tfidf_vs_word":0.0}
{"topic":"19","word_overlap_similarity":0.4820730519,"tfidf_similarity":0.4820730519,"semantic_similarity":0.8675730228,"semantic_vs_word":0.385499971,"tfidf_vs_word":0.0}
{"topic":"20","word_overlap_similarity":0.3510875032,"tfidf_similarity":0.3510875032,"semantic_similarity":0.8719480634,"semantic_vs_word":0.5208605602,"tfidf_vs_word":0.0}
